minimum m,c is 1.310000,10.010000 with error 22.120633
Time elapsed was 67470305ns or 0.067470305s
minimum m,c is 1.310000,10.010000 with error 22.120633
Time elapsed was 52703464ns or 0.052703464s
minimum m,c is 1.310000,10.010000 with error 22.120633
Time elapsed was 57538456ns or 0.057538456s
minimum m,c is 1.310000,10.010000 with error 22.120633
Time elapsed was 59616744ns or 0.059616744s
minimum m,c is 1.310000,10.010000 with error 22.120633
Time elapsed was 59861000ns or 0.059861000s
minimum m,c is 1.310000,10.010000 with error 22.120633
Time elapsed was 54764123ns or 0.054764123s
minimum m,c is 1.310000,10.010000 with error 22.120633
Time elapsed was 51566303ns or 0.051566303s
minimum m,c is 1.310000,10.010000 with error 22.120633
Time elapsed was 54903960ns or 0.054903960s
minimum m,c is 1.310000,10.010000 with error 22.120633
Time elapsed was 52214151ns or 0.052214151s
minimum m,c is 1.310000,10.010000 with error 22.120633
Time elapsed was 67851799ns or 0.067851799s
